DATE ADDED TO CATALOG	PUBMEDID	FIRST AUTHOR	DATE	JOURNAL	LINK	STUDY	DISEASE/TRAIT	INITIAL SAMPLE SIZE	REPLICATION SAMPLE SIZE	REGION	CHR_ID	CHR_POS	REPORTED GENE(S)	MAPPED_GENE	UPSTREAM_GENE_ID	DOWNSTREAM_GENE_ID	SNP_GENE_IDS	UPSTREAM_GENE_DISTANCE	DOWNSTREAM_GENE_DISTANCE	STRONGEST SNP-RISK ALLELE	SNPS	MERGED	SNP_ID_CURRENT	CONTEXT	INTERGENIC	RISK ALLELE FREQUENCY	P-VALUE	PVALUE_MLOG	P-VALUE (TEXT)	OR or BETA	95% CI (TEXT)	PLATFORM [SNPS PASSING QC]	CNV
2011-01-16	21186350	Zhou K	2010-12-26	Nat Genet	www.ncbi.nlm.nih.gov/pubmed/21186350	Common variants near ATM are associated with glycemic response to metformin in type 2 diabetes.	Response to metformin in type 2 diabetes (glycemic)	1,024 European ancestry cases	2,896 European ancestry cases	11q22.3	11	108412434	ATM, C111orf65	C11orf65			160140			rs11212617-C	rs11212617	0	11212617	intron_variant	0	0.44	3E-9	8.522878745280337		1.35	[1.22-1.49]	Affymetrix [705125]	N
2010-10-07	20858683	Soranzo N	2010-09-21	Diabetes	www.ncbi.nlm.nih.gov/pubmed/20858683	Common variants at 10 genomic loci influence hemoglobin A&#x000e2;&#x00082;&#x00081;(C) levels via glycemic and nonglycemic pathways.	Glycated hemoglobin levels	up to 46,368 European ancestry individuals	NA	1q23.1	1	158615625	SPTA1	SPTA1			6708			rs2779116-T	rs2779116	0	2779116	intron_variant	0	0.27	3E-9	8.522878745280337		0.02	[0.01-0.03] % increase	Affymetrix, Illumina [~ 2500000] (imputed)	N
2010-10-07	20858683	Soranzo N	2010-09-21	Diabetes	www.ncbi.nlm.nih.gov/pubmed/20858683	Common variants at 10 genomic loci influence hemoglobin A&#x000e2;&#x00082;&#x00081;(C) levels via glycemic and nonglycemic pathways.	Glycated hemoglobin levels	up to 46,368 European ancestry individuals	NA	6p22.2	6	26092913	HFE	HFE			3077			rs1800562-G	rs1800562	0	1800562	missense_variant	0	0.94	3E-20	19.522878745280337		0.06	[0.05-0.07] % increase	Affymetrix, Illumina [~ 2500000] (imputed)	N
2010-10-07	20858683	Soranzo N	2010-09-21	Diabetes	www.ncbi.nlm.nih.gov/pubmed/20858683	Common variants at 10 genomic loci influence hemoglobin A&#x000e2;&#x00082;&#x00081;(C) levels via glycemic and nonglycemic pathways.	Glycated hemoglobin levels	up to 46,368 European ancestry individuals	NA	7p13	7	44189469	GCK	GCK - YKT6	2645	10652		30	11499	rs1799884-T	rs1799884	0	1799884	intron_variant	1	0.18	1E-20	20.0		0.04	[0.03-0.05] % increase	Affymetrix, Illumina [~ 2500000] (imputed)	N
2010-10-07	20858683	Soranzo N	2010-09-21	Diabetes	www.ncbi.nlm.nih.gov/pubmed/20858683	Common variants at 10 genomic loci influence hemoglobin A&#x000e2;&#x00082;&#x00081;(C) levels via glycemic and nonglycemic pathways.	Glycated hemoglobin levels	up to 46,368 European ancestry individuals	NA	8p11.21	8	41772887	ANK1	ANK1			286			rs4737009-A	rs4737009	0	4737009	intron_variant	0	0.24	6E-12	11.221848749616356		0.03	[0.02-0.04] % increase	Affymetrix, Illumina [~ 2500000] (imputed)	N
2010-10-07	20858683	Soranzo N	2010-09-21	Diabetes	www.ncbi.nlm.nih.gov/pubmed/20858683	Common variants at 10 genomic loci influence hemoglobin A&#x000e2;&#x00082;&#x00081;(C) levels via glycemic and nonglycemic pathways.	Glycated hemoglobin levels	up to 46,368 European ancestry individuals	NA	10q22.1	10	69333636	HK1	HK1			3098			rs16926246-C	rs16926246	0	16926246	intron_variant	0	0.90	3E-54	53.52287874528034		0.09	[0.08-0.10] % increase	Affymetrix, Illumina [~ 2500000] (imputed)	N
2010-10-07	20858683	Soranzo N	2010-09-21	Diabetes	www.ncbi.nlm.nih.gov/pubmed/20858683	Common variants at 10 genomic loci influence hemoglobin A&#x000e2;&#x00082;&#x00081;(C) levels via glycemic and nonglycemic pathways.	Glycated hemoglobin levels	up to 46,368 European ancestry individuals	NA	11q14.3	11	92940662	MTNR1B	SNRPGP16 - MTNR1B	106480270	4544		2996	28961	rs1387153-T	rs1387153	0	1387153	downstream_gene_variant	1	0.28	4E-11	10.397940008672037		0.03	[0.02-0.04] % increase	Affymetrix, Illumina [~ 2500000] (imputed)	N
2010-10-07	20858683	Soranzo N	2010-09-21	Diabetes	www.ncbi.nlm.nih.gov/pubmed/20858683	Common variants at 10 genomic loci influence hemoglobin A&#x000e2;&#x00082;&#x00081;(C) levels via glycemic and nonglycemic pathways.	Glycated hemoglobin levels	up to 46,368 European ancestry individuals	NA	13q34	13	112677554	ATP11A, TUBGCP3	ATP11AUN			400165			rs7998202-G	rs7998202	0	7998202	intron_variant	0	0.14	5E-9	8.301029995663981		0.03	[0.02-0.04] % increase	Affymetrix, Illumina [~ 2500000] (imputed)	N
2010-10-07	20858683	Soranzo N	2010-09-21	Diabetes	www.ncbi.nlm.nih.gov/pubmed/20858683	Common variants at 10 genomic loci influence hemoglobin A&#x000e2;&#x00082;&#x00081;(C) levels via glycemic and nonglycemic pathways.	Glycated hemoglobin levels	up to 46,368 European ancestry individuals	NA	17q25.3	17	82727657	FN3K	FN3KRP			79672			rs1046896-T	rs1046896	0	1046896	3_prime_UTR_variant	0	0.31	2E-26	25.69897000433602		0.04	[0.03-0.05] % increase	Affymetrix, Illumina [~ 2500000] (imputed)	N
2010-10-07	20858683	Soranzo N	2010-09-21	Diabetes	www.ncbi.nlm.nih.gov/pubmed/20858683	Common variants at 10 genomic loci influence hemoglobin A&#x000e2;&#x00082;&#x00081;(C) levels via glycemic and nonglycemic pathways.	Glycated hemoglobin levels	up to 46,368 European ancestry individuals	NA	22q12.3	22	37066896	TMPRSS6	TMPRSS6			164656			rs855791-A	rs855791	0	855791	missense_variant	0	0.42	3E-14	13.522878745280337		0.03	[0.02-0.04] % increase	Affymetrix, Illumina [~ 2500000] (imputed)	N
2010-10-07	20858683	Soranzo N	2010-09-21	Diabetes	www.ncbi.nlm.nih.gov/pubmed/20858683	Common variants at 10 genomic loci influence hemoglobin A&#x000e2;&#x00082;&#x00081;(C) levels via glycemic and nonglycemic pathways.	Glycated hemoglobin levels	up to 46,368 European ancestry individuals	NA	8p11.21	8	41691676	ANK1	ANK1			286			rs6474359-T	rs6474359	0	6474359	intron_variant	0	0.97	1E-8	8.0		0.06	[0.04-0.08] % increase	Affymetrix, Illumina [~ 2500000] (imputed)	N
2014-03-01	23903356	Hayes MG	2013-07-31	Diabetes	www.ncbi.nlm.nih.gov/pubmed/23903356	Identification of HKDC1 and BACE2 as genes influencing glycemic traits during pregnancy through genome-wide association studies.	Glycemic traits (pregnancy)	1,367 European ancestry individuals, 817 Hispanic individuals, 1,075 Afro-Caribbean individuals, 1,178 Thai ancestry individuals	2,798 European ancestry individuals, 228 French Canadian founder population individuals	2p23.3	2	27508073	GCKR	GCKR			2646			rs1260326-T	rs1260326	0	1260326	missense_variant	0	0.409	6E-13	12.221848749616356	(FPG)	0.0044	[NR] unit decrease	Illumina [up to 945994] (imputed)	N
2014-03-01	23903356	Hayes MG	2013-07-31	Diabetes	www.ncbi.nlm.nih.gov/pubmed/23903356	Identification of HKDC1 and BACE2 as genes influencing glycemic traits during pregnancy through genome-wide association studies.	Glycemic traits (pregnancy)	1,367 European ancestry individuals, 817 Hispanic individuals, 1,075 Afro-Caribbean individuals, 1,178 Thai ancestry individuals	2,798 European ancestry individuals, 228 French Canadian founder population individuals	2p23.3	2	27508073	GCKR	GCKR			2646			rs1260326-T	rs1260326	0	1260326	missense_variant	0	0.409	6E-11	10.221848749616356	(FCP)	0.0116	[NR] unit decrease	Illumina [up to 945994] (imputed)	N
2014-03-01	23903356	Hayes MG	2013-07-31	Diabetes	www.ncbi.nlm.nih.gov/pubmed/23903356	Identification of HKDC1 and BACE2 as genes influencing glycemic traits during pregnancy through genome-wide association studies.	Glycemic traits (pregnancy)	1,367 European ancestry individuals, 817 Hispanic individuals, 1,075 Afro-Caribbean individuals, 1,178 Thai ancestry individuals	2,798 European ancestry individuals, 228 French Canadian founder population individuals	10q22.1	10	69223185	SUPV3L1, SRGN, HK1, VPS26A, HKDC1	HKDC1, LOC101928994			80201, 101928994			rs4746822-T	rs4746822	0	4746822	non_coding_transcript_exon_variant	0	0.675	1E-22	22.0	(2HPG)	0.28	[NR] unit increase	Illumina [up to 945994] (imputed)	N
2014-03-01	23903356	Hayes MG	2013-07-31	Diabetes	www.ncbi.nlm.nih.gov/pubmed/23903356	Identification of HKDC1 and BACE2 as genes influencing glycemic traits during pregnancy through genome-wide association studies.	Glycemic traits (pregnancy)	1,367 European ancestry individuals, 817 Hispanic individuals, 1,075 Afro-Caribbean individuals, 1,178 Thai ancestry individuals	2,798 European ancestry individuals, 228 French Canadian founder population individuals	21q22.3	21	41211811	BACE2, PLAC4, C21orf130, FAM3B	BACE2			25825			rs6517656-G	rs6517656	0	6517656	intron_variant	0	0.839	6E-16	15.221848749616356	(FCP)	0.0402	[NR] unit increase	Illumina [up to 945994] (imputed)	N
2014-03-01	23903356	Hayes MG	2013-07-31	Diabetes	www.ncbi.nlm.nih.gov/pubmed/23903356	Identification of HKDC1 and BACE2 as genes influencing glycemic traits during pregnancy through genome-wide association studies.	Glycemic traits (pregnancy)	1,367 European ancestry individuals, 817 Hispanic individuals, 1,075 Afro-Caribbean individuals, 1,178 Thai ancestry individuals	2,798 European ancestry individuals, 228 French Canadian founder population individuals	2q31.1	2	168906638	G6PC2	G6PC2			57818			rs560887-T	rs560887	0	560887	intron_variant	0	0.291	2E-16	15.698970004336019	(FPG)	0.0061	[NR] unit decrease	Illumina [up to 945994] (imputed)	N
2014-03-01	23903356	Hayes MG	2013-07-31	Diabetes	www.ncbi.nlm.nih.gov/pubmed/23903356	Identification of HKDC1 and BACE2 as genes influencing glycemic traits during pregnancy through genome-wide association studies.	Glycemic traits (pregnancy)	1,367 European ancestry individuals, 817 Hispanic individuals, 1,075 Afro-Caribbean individuals, 1,178 Thai ancestry individuals	2,798 European ancestry individuals, 228 French Canadian founder population individuals	5q15	5	96393194	PCSK1	LOC101929710, PCSK1			101929710, 5122			rs6235-G	rs6235	0	6235	missense_variant	0	0.272	5E-15	14.301029995663981	(FPG)	0.0056	[NR] unit decrease	Illumina [up to 945994] (imputed)	N
2014-03-01	23903356	Hayes MG	2013-07-31	Diabetes	www.ncbi.nlm.nih.gov/pubmed/23903356	Identification of HKDC1 and BACE2 as genes influencing glycemic traits during pregnancy through genome-wide association studies.	Glycemic traits (pregnancy)	1,367 European ancestry individuals, 817 Hispanic individuals, 1,075 Afro-Caribbean individuals, 1,178 Thai ancestry individuals	2,798 European ancestry individuals, 228 French Canadian founder population individuals	8p23.1	8	9326086	PPP1R3B	LOC157273			157273			rs4841132-G	rs4841132	0	4841132	non_coding_transcript_exon_variant	0	0.91	5E-15	14.301029995663981	(FCP)	0.0294	[NR] unit decrease	Illumina [up to 945994] (imputed)	N
2014-03-01	23903356	Hayes MG	2013-07-31	Diabetes	www.ncbi.nlm.nih.gov/pubmed/23903356	Identification of HKDC1 and BACE2 as genes influencing glycemic traits during pregnancy through genome-wide association studies.	Glycemic traits (pregnancy)	1,367 European ancestry individuals, 817 Hispanic individuals, 1,075 Afro-Caribbean individuals, 1,178 Thai ancestry individuals	2,798 European ancestry individuals, 228 French Canadian founder population individuals	8p23.1	8	9326086	PPP1R3B	LOC157273			157273			rs4841132-G	rs4841132	0	4841132	non_coding_transcript_exon_variant	0	0.91	3E-13	12.522878745280337	(FPG)	0.0059	[NR] unit decrease	Illumina [up to 945994] (imputed)	N
2014-03-01	23903356	Hayes MG	2013-07-31	Diabetes	www.ncbi.nlm.nih.gov/pubmed/23903356	Identification of HKDC1 and BACE2 as genes influencing glycemic traits during pregnancy through genome-wide association studies.	Glycemic traits (pregnancy)	1,367 European ancestry individuals, 817 Hispanic individuals, 1,075 Afro-Caribbean individuals, 1,178 Thai ancestry individuals	2,798 European ancestry individuals, 228 French Canadian founder population individuals	11q14.3	11	92956866	MTNR1B	SNRPGP16 - MTNR1B	106480270	4544		19200	12757	rs7936247-T	rs7936247	0	7936247	intergenic_variant	1	0.361	3E-16	15.522878745280337	(1HPG)	0.222	[NR] unit increase	Illumina [up to 945994] (imputed)	N
2014-03-01	23903356	Hayes MG	2013-07-31	Diabetes	www.ncbi.nlm.nih.gov/pubmed/23903356	Identification of HKDC1 and BACE2 as genes influencing glycemic traits during pregnancy through genome-wide association studies.	Glycemic traits (pregnancy)	1,367 European ancestry individuals, 817 Hispanic individuals, 1,075 Afro-Caribbean individuals, 1,178 Thai ancestry individuals	2,798 European ancestry individuals, 228 French Canadian founder population individuals	11q14.3	11	92956866	MTNR1B	SNRPGP16 - MTNR1B	106480270	4544		19200	12757	rs7936247-T	rs7936247	0	7936247	intergenic_variant	1	0.361	2E-12	11.698970004336019	(FPG)	0.0029	[NR] unit increase	Illumina [up to 945994] (imputed)	N
2010-10-07	20858683	Soranzo N	2010-09-21	Diabetes	www.ncbi.nlm.nih.gov/pubmed/20858683	Common variants at 10 genomic loci influence hemoglobin A&#x000e2;&#x00082;&#x00081;(C) levels via glycemic and nonglycemic pathways.	Glycated hemoglobin levels	up to 46,368 European ancestry individuals	NA	2q31.1	2	168934928	G6PC2, ABCB11	ABCB11			8647			rs552976-G	rs552976	0	552976	intron_variant	0	0.64	8E-18	17.096910013008056		0.05	[0.04-0.06] % increase	Affymetrix, Illumina [~ 2500000] (imputed)	N
2012-08-15	22581228	Manning AK	2012-05-13	Nat Genet	www.ncbi.nlm.nih.gov/pubmed/22581228	A genome-wide approach accounting for body mass index identifies genetic variants influencing fasting glycemic traits and insulin resistance.	Fasting insulin-related traits (interaction with BMI)	Up to 51,750 European ancestry individuals	Up to 33,823 European ancestry individuals	2q24.3	2	164694691	GRB14, COBLL1	COBLL1			22837			rs7607980-?	rs7607980	0	7607980	missense_variant	0		4E-20	19.397940008672037				Affymetrix, Illumina [~ 2400000] (imputed)	N
2012-08-15	22581228	Manning AK	2012-05-13	Nat Genet	www.ncbi.nlm.nih.gov/pubmed/22581228	A genome-wide approach accounting for body mass index identifies genetic variants influencing fasting glycemic traits and insulin resistance.	Fasting insulin-related traits (interaction with BMI)	Up to 51,750 European ancestry individuals	Up to 33,823 European ancestry individuals	2q36.3	2	226203364	IRS1	LOC646736 - LOC105373915	646736	105373915		23302	251418	rs2943634-?	rs2943634	0	2943634	intergenic_variant	1		2E-14	13.698970004336019				Affymetrix, Illumina [~ 2400000] (imputed)	N
2012-08-15	22581228	Manning AK	2012-05-13	Nat Genet	www.ncbi.nlm.nih.gov/pubmed/22581228	A genome-wide approach accounting for body mass index identifies genetic variants influencing fasting glycemic traits and insulin resistance.	Fasting insulin-related traits (interaction with BMI)	Up to 51,750 European ancestry individuals	Up to 33,823 European ancestry individuals	4q32.1	4	156798972	PDGFC	PDGFC			56034			rs4691380-?	rs4691380	0	4691380	intron_variant	0		5E-9	8.301029995663981				Affymetrix, Illumina [~ 2400000] (imputed)	N
2012-08-15	22581228	Manning AK	2012-05-13	Nat Genet	www.ncbi.nlm.nih.gov/pubmed/22581228	A genome-wide approach accounting for body mass index identifies genetic variants influencing fasting glycemic traits and insulin resistance.	Fasting insulin-related traits (interaction with BMI)	Up to 51,750 European ancestry individuals	Up to 33,823 European ancestry individuals	6p21.31	6	34877672	UHRF1BP1	UHRF1BP1 - TAF11	54887	6882		158	106	rs4646949-?	rs4646949	0	4646949	intron_variant	1		4E-8	7.3979400086720375				Affymetrix, Illumina [~ 2400000] (imputed)	N
2012-08-15	22581228	Manning AK	2012-05-13	Nat Genet	www.ncbi.nlm.nih.gov/pubmed/22581228	A genome-wide approach accounting for body mass index identifies genetic variants influencing fasting glycemic traits and insulin resistance.	Fasting insulin-related traits (interaction with BMI)	Up to 51,750 European ancestry individuals	Up to 33,823 European ancestry individuals	1q41	1	219527177	LYPLAL1	LOC102723886			102723886			rs2785980-?	rs2785980	0	2785980	intergenic_variant	0		2E-8	7.698970004336019				Affymetrix, Illumina [~ 2400000] (imputed)	N
2012-08-15	22581228	Manning AK	2012-05-13	Nat Genet	www.ncbi.nlm.nih.gov/pubmed/22581228	A genome-wide approach accounting for body mass index identifies genetic variants influencing fasting glycemic traits and insulin resistance.	Fasting insulin-related traits (interaction with BMI)	Up to 51,750 European ancestry individuals	Up to 33,823 European ancestry individuals	8p23.1	8	9326086	PPP1R3B	LOC157273			157273			rs4841132-?	rs4841132	0	4841132	non_coding_transcript_exon_variant	0		2E-10	9.698970004336019				Affymetrix, Illumina [~ 2400000] (imputed)	N
2012-08-15	22581228	Manning AK	2012-05-13	Nat Genet	www.ncbi.nlm.nih.gov/pubmed/22581228	A genome-wide approach accounting for body mass index identifies genetic variants influencing fasting glycemic traits and insulin resistance.	Fasting insulin-related traits (interaction with BMI)	Up to 51,750 European ancestry individuals	Up to 33,823 European ancestry individuals	19q13.11	19	33418804	PEPD	PEPD			5184			rs8182584-?	rs8182584	0	8182584	intron_variant	0		9E-8	7.045757490560675				Affymetrix, Illumina [~ 2400000] (imputed)	N
2012-08-15	22581228	Manning AK	2012-05-13	Nat Genet	www.ncbi.nlm.nih.gov/pubmed/22581228	A genome-wide approach accounting for body mass index identifies genetic variants influencing fasting glycemic traits and insulin resistance.	Fasting insulin-related traits (interaction with BMI)	Up to 51,750 European ancestry individuals	Up to 33,823 European ancestry individuals	13q31.1	13	80049211	SPRY2	LOC101927216			101927216			rs7981942-?	rs7981942	0	7981942	regulatory_region_variant	0		2E-6	5.698970004336019				Affymetrix, Illumina [~ 2400000] (imputed)	N
2012-08-15	22581228	Manning AK	2012-05-13	Nat Genet	www.ncbi.nlm.nih.gov/pubmed/22581228	A genome-wide approach accounting for body mass index identifies genetic variants influencing fasting glycemic traits and insulin resistance.	Fasting insulin-related traits (interaction with BMI)	Up to 51,750 European ancestry individuals	Up to 33,823 European ancestry individuals	3p26.3	3	67310	CHL1	LOC105376921			105376921			rs9841287-?	rs9841287	0	9841287	intergenic_variant	0		7E-9	8.154901959985743				Affymetrix, Illumina [~ 2400000] (imputed)	N
2012-08-15	22581228	Manning AK	2012-05-13	Nat Genet	www.ncbi.nlm.nih.gov/pubmed/22581228	A genome-wide approach accounting for body mass index identifies genetic variants influencing fasting glycemic traits and insulin resistance.	Fasting insulin-related traits (interaction with BMI)	Up to 51,750 European ancestry individuals	Up to 33,823 European ancestry individuals	13q11	13	18737101	TUBA3C	ZNF965P - LINC00417	100132598	100874164		2673	999	rs9552416-?	rs9552416	0	9552416	downstream_gene_variant	1		3E-24	23.522878745280337				Affymetrix, Illumina [~ 2400000] (imputed)	N
2012-08-15	22581228	Manning AK	2012-05-13	Nat Genet	www.ncbi.nlm.nih.gov/pubmed/22581228	A genome-wide approach accounting for body mass index identifies genetic variants influencing fasting glycemic traits and insulin resistance.	Fasting insulin-related traits (interaction with BMI)	Up to 51,750 European ancestry individuals	Up to 33,823 European ancestry individuals	10p12.1	10	27404376	PTCHD3	PTCHD3			374308			rs1334893-?	rs1334893	0	1334893	intron_variant	0		5E-6	5.301029995663981				Affymetrix, Illumina [~ 2400000] (imputed)	N
2012-08-15	22581228	Manning AK	2012-05-13	Nat Genet	www.ncbi.nlm.nih.gov/pubmed/22581228	A genome-wide approach accounting for body mass index identifies genetic variants influencing fasting glycemic traits and insulin resistance.	Fasting insulin-related traits (interaction with BMI)	Up to 51,750 European ancestry individuals	Up to 33,823 European ancestry individuals	8q13.2	8	69581739	SULF1	SULF1			23213			rs13273088-?	rs13273088	0	13273088	intron_variant	0		7E-7	6.154901959985743				Affymetrix, Illumina [~ 2400000] (imputed)	N
2012-08-15	22581228	Manning AK	2012-05-13	Nat Genet	www.ncbi.nlm.nih.gov/pubmed/22581228	A genome-wide approach accounting for body mass index identifies genetic variants influencing fasting glycemic traits and insulin resistance.	Fasting insulin-related traits (interaction with BMI)	Up to 51,750 European ancestry individuals	Up to 33,823 European ancestry individuals	14q12	14	32738316	AKAP6	AKAP6			9472			rs2300835-?	rs2300835	0	2300835	intron_variant	0		5E-7	6.301029995663981				Affymetrix, Illumina [~ 2400000] (imputed)	N
2012-08-15	22581228	Manning AK	2012-05-13	Nat Genet	www.ncbi.nlm.nih.gov/pubmed/22581228	A genome-wide approach accounting for body mass index identifies genetic variants influencing fasting glycemic traits and insulin resistance.	Fasting insulin-related traits (interaction with BMI)	Up to 51,750 European ancestry individuals	Up to 33,823 European ancestry individuals	1p36.11	1	24258000	GRHL3	LOC284632 - LOC105376871	284632	105376871		46310	47928	rs6670533-?	rs6670533	0	6670533	intergenic_variant	1		6E-6	5.221848749616356				Affymetrix, Illumina [~ 2400000] (imputed)	N
2012-08-15	22581228	Manning AK	2012-05-13	Nat Genet	www.ncbi.nlm.nih.gov/pubmed/22581228	A genome-wide approach accounting for body mass index identifies genetic variants influencing fasting glycemic traits and insulin resistance.	Fasting insulin-related traits (interaction with BMI)	Up to 51,750 European ancestry individuals	Up to 33,823 European ancestry individuals	10p14	10	6904790	SFMBT2	LOC105376387			105376387			rs2501677-?	rs2501677	0	2501677	intron_variant	0		3E-6	5.522878745280337				Affymetrix, Illumina [~ 2400000] (imputed)	N
2012-08-15	22581228	Manning AK	2012-05-13	Nat Genet	www.ncbi.nlm.nih.gov/pubmed/22581228	A genome-wide approach accounting for body mass index identifies genetic variants influencing fasting glycemic traits and insulin resistance.	Fasting insulin-related traits (interaction with BMI)	Up to 51,750 European ancestry individuals	Up to 33,823 European ancestry individuals	3p25.2	3	12075120	SYN2	SYN2			6854			rs308971-?	rs308971	0	308971	intron_variant	0		2E-7	6.698970004336019				Affymetrix, Illumina [~ 2400000] (imputed)	N
2012-08-15	22581228	Manning AK	2012-05-13	Nat Genet	www.ncbi.nlm.nih.gov/pubmed/22581228	A genome-wide approach accounting for body mass index identifies genetic variants influencing fasting glycemic traits and insulin resistance.	Fasting glucose-related traits (interaction with BMI)	Up to 58,074 European ancestry individuals	Up tp 38,422 European ancestry individuals	11q13.4	11	72721940	ARAP1	ARAP1			116985			rs11603334-?	rs11603334	0	11603334	5_prime_UTR_variant	0		2E-14	13.698970004336019				Affymetrix, Illumina [~ 2400000] (imputed)	N
2012-08-15	22581228	Manning AK	2012-05-13	Nat Genet	www.ncbi.nlm.nih.gov/pubmed/22581228	A genome-wide approach accounting for body mass index identifies genetic variants influencing fasting glycemic traits and insulin resistance.	Fasting glucose-related traits (interaction with BMI)	Up to 58,074 European ancestry individuals	Up tp 38,422 European ancestry individuals	20p11.21	20	22578963	FOXA2	LINC00261 - FOXA2	140828	3170		321	2041	rs6048205-?	rs6048205	0	6048205	upstream_gene_variant	1		2E-12	11.698970004336019				Affymetrix, Illumina [~ 2400000] (imputed)	N
2012-08-15	22581228	Manning AK	2012-05-13	Nat Genet	www.ncbi.nlm.nih.gov/pubmed/22581228	A genome-wide approach accounting for body mass index identifies genetic variants influencing fasting glycemic traits and insulin resistance.	Fasting glucose-related traits (interaction with BMI)	Up to 58,074 European ancestry individuals	Up tp 38,422 European ancestry individuals	2p23.3	2	26930006	DPYSL5	DPYSL5			56896			rs1371614-?	rs1371614	0	1371614	intron_variant	0		2E-12	11.698970004336019				Affymetrix, Illumina [~ 2400000] (imputed)	N
2012-08-15	22581228	Manning AK	2012-05-13	Nat Genet	www.ncbi.nlm.nih.gov/pubmed/22581228	A genome-wide approach accounting for body mass index identifies genetic variants influencing fasting glycemic traits and insulin resistance.	Fasting glucose-related traits (interaction with BMI)	Up to 58,074 European ancestry individuals	Up tp 38,422 European ancestry individuals	5q15	5	96207022	PCSK1	LOC107984114, LOC101929710			107984114, 101929710			rs13179048-?	rs13179048	0	13179048	intron_variant	0		2E-10	9.698970004336019				Affymetrix, Illumina [~ 2400000] (imputed)	N
2012-08-15	22581228	Manning AK	2012-05-13	Nat Genet	www.ncbi.nlm.nih.gov/pubmed/22581228	A genome-wide approach accounting for body mass index identifies genetic variants influencing fasting glycemic traits and insulin resistance.	Fasting glucose-related traits (interaction with BMI)	Up to 58,074 European ancestry individuals	Up tp 38,422 European ancestry individuals	13q12.2	13	27917061	PDX1	PDX1-AS1			100861550			rs2293941-?	rs2293941	0	2293941	intron_variant	0		5E-10	9.301029995663981				Affymetrix, Illumina [~ 2400000] (imputed)	N
2012-08-15	22581228	Manning AK	2012-05-13	Nat Genet	www.ncbi.nlm.nih.gov/pubmed/22581228	A genome-wide approach accounting for body mass index identifies genetic variants influencing fasting glycemic traits and insulin resistance.	Fasting glucose-related traits (interaction with BMI)	Up to 58,074 European ancestry individuals	Up tp 38,422 European ancestry individuals	8p23.1	8	9326086	PPP1R3B	LOC157273			157273			rs4841132-?	rs4841132	0	4841132	non_coding_transcript_exon_variant	0		8E-9	8.096910013008056				Affymetrix, Illumina [~ 2400000] (imputed)	N
2012-08-15	22581228	Manning AK	2012-05-13	Nat Genet	www.ncbi.nlm.nih.gov/pubmed/22581228	A genome-wide approach accounting for body mass index identifies genetic variants influencing fasting glycemic traits and insulin resistance.	Fasting glucose-related traits (interaction with BMI)	Up to 58,074 European ancestry individuals	Up tp 38,422 European ancestry individuals	11p11.2	11	48311808	OR4S1	OR4S1 - OR4C3	256148	256144		4656	13133	rs1483121-?	rs1483121	0	1483121	downstream_gene_variant	1		2E-8	7.698970004336019				Affymetrix, Illumina [~ 2400000] (imputed)	N
2012-08-15	22581228	Manning AK	2012-05-13	Nat Genet	www.ncbi.nlm.nih.gov/pubmed/22581228	A genome-wide approach accounting for body mass index identifies genetic variants influencing fasting glycemic traits and insulin resistance.	Fasting glucose-related traits (interaction with BMI)	Up to 58,074 European ancestry individuals	Up tp 38,422 European ancestry individuals	2p23.2	2	27772914	MRPL33	MRPL33			9553			rs3736594-?	rs3736594	0	3736594	intron_variant	0		1E-15	15.0				Affymetrix, Illumina [~ 2400000] (imputed)	N
2012-08-15	22581228	Manning AK	2012-05-13	Nat Genet	www.ncbi.nlm.nih.gov/pubmed/22581228	A genome-wide approach accounting for body mass index identifies genetic variants influencing fasting glycemic traits and insulin resistance.	Fasting glucose-related traits (interaction with BMI)	Up to 58,074 European ancestry individuals	Up tp 38,422 European ancestry individuals	11p15.4	11	8222251	LMO1	LOC101927936 - LMO1	101927936	4004		41646	2053	rs11041816-?	rs11041816	0	11041816	downstream_gene_variant	1		2E-7	6.698970004336019				Affymetrix, Illumina [~ 2400000] (imputed)	N
2012-08-15	22581228	Manning AK	2012-05-13	Nat Genet	www.ncbi.nlm.nih.gov/pubmed/22581228	A genome-wide approach accounting for body mass index identifies genetic variants influencing fasting glycemic traits and insulin resistance.	Fasting glucose-related traits (interaction with BMI)	Up to 58,074 European ancestry individuals	Up tp 38,422 European ancestry individuals	6p24.3	6	7240344	RREB1	RREB1			6239			rs2714337-?	rs2714337	0	2714337	intron_variant	0		3E-7	6.522878745280337				Affymetrix, Illumina [~ 2400000] (imputed)	N
2012-08-15	22581228	Manning AK	2012-05-13	Nat Genet	www.ncbi.nlm.nih.gov/pubmed/22581228	A genome-wide approach accounting for body mass index identifies genetic variants influencing fasting glycemic traits and insulin resistance.	Fasting glucose-related traits (interaction with BMI)	Up to 58,074 European ancestry individuals	Up tp 38,422 European ancestry individuals	14q32.11	14	89568628	FOXN3	FOXN3			1112			rs8004664-?	rs8004664	0	8004664	intron_variant	0		3E-6	5.522878745280337				Affymetrix, Illumina [~ 2400000] (imputed)	N
2012-08-15	22581228	Manning AK	2012-05-13	Nat Genet	www.ncbi.nlm.nih.gov/pubmed/22581228	A genome-wide approach accounting for body mass index identifies genetic variants influencing fasting glycemic traits and insulin resistance.	Fasting glucose-related traits (interaction with BMI)	Up to 58,074 European ancestry individuals	Up tp 38,422 European ancestry individuals	12q24.31	12	121500382	FBXL10	KDM2B			84678			rs10849893-?	rs10849893	0	10849893	intron_variant	0		2E-6	5.698970004336019				Affymetrix, Illumina [~ 2400000] (imputed)	N
2012-08-15	22581228	Manning AK	2012-05-13	Nat Genet	www.ncbi.nlm.nih.gov/pubmed/22581228	A genome-wide approach accounting for body mass index identifies genetic variants influencing fasting glycemic traits and insulin resistance.	Fasting glucose-related traits (interaction with BMI)	Up to 58,074 European ancestry individuals	Up tp 38,422 European ancestry individuals	7p12.1	7	50683393	GRB10	GRB10			2887			rs10248619-?	rs10248619	0	10248619	intron_variant	0		8E-8	7.096910013008056				Affymetrix, Illumina [~ 2400000] (imputed)	N
2012-08-15	22581228	Manning AK	2012-05-13	Nat Genet	www.ncbi.nlm.nih.gov/pubmed/22581228	A genome-wide approach accounting for body mass index identifies genetic variants influencing fasting glycemic traits and insulin resistance.	Fasting insulin-related traits (interaction with BMI)	Up to 51,750 European ancestry individuals	Up to 33,823 European ancestry individuals	2p23.3	2	27518370	GCKR	GCKR			2646			rs780094-?	rs780094	0	780094	intron_variant	0	NR	3E-10	9.522878745280337				Affymetrix, Illumina [~ 2400000] (imputed)	N
2012-08-15	22581228	Manning AK	2012-05-13	Nat Genet	www.ncbi.nlm.nih.gov/pubmed/22581228	A genome-wide approach accounting for body mass index identifies genetic variants influencing fasting glycemic traits and insulin resistance.	Fasting insulin-related traits (interaction with BMI)	Up to 51,750 European ancestry individuals	Up to 33,823 European ancestry individuals	3p25.2	3	12351626	PPARG	PPARG			5468			rs1801282-?	rs1801282	0	1801282	missense_variant	0	NR	2E-7	6.698970004336019				Affymetrix, Illumina [~ 2400000] (imputed)	N
2012-08-15	22581228	Manning AK	2012-05-13	Nat Genet	www.ncbi.nlm.nih.gov/pubmed/22581228	A genome-wide approach accounting for body mass index identifies genetic variants influencing fasting glycemic traits and insulin resistance.	Fasting insulin-related traits (interaction with BMI)	Up to 51,750 European ancestry individuals	Up to 33,823 European ancestry individuals	10q25.2	10	112998590	TCF7L2	TCF7L2			6934			rs7903146-?	rs7903146	0	7903146	intron_variant	0	NR	3E-6	5.522878745280337				Affymetrix, Illumina [~ 2400000] (imputed)	N
2012-08-15	22581228	Manning AK	2012-05-13	Nat Genet	www.ncbi.nlm.nih.gov/pubmed/22581228	A genome-wide approach accounting for body mass index identifies genetic variants influencing fasting glycemic traits and insulin resistance.	Fasting insulin-related traits (interaction with BMI)	Up to 51,750 European ancestry individuals	Up to 33,823 European ancestry individuals	12q23.2	12	102518780	IGF1	LOC105369944			105369944			rs35747-?	rs35747	0	35747	intergenic_variant	0	NR	1E-9	9.0				Affymetrix, Illumina [~ 2400000] (imputed)	N
2012-08-15	22581228	Manning AK	2012-05-13	Nat Genet	www.ncbi.nlm.nih.gov/pubmed/22581228	A genome-wide approach accounting for body mass index identifies genetic variants influencing fasting glycemic traits and insulin resistance.	Fasting glucose-related traits (interaction with BMI)	Up to 58,074 European ancestry individuals	Up tp 38,422 European ancestry individuals	1q32.3	1	213985913	PROX1	PROX1, PROX1-AS1			5629, 100505832			rs340874-?	rs340874	0	340874	non_coding_transcript_exon_variant	0	NR	4E-9	8.397940008672037				Affymetrix, Illumina [~ 2400000] (imputed)	N
2012-08-15	22581228	Manning AK	2012-05-13	Nat Genet	www.ncbi.nlm.nih.gov/pubmed/22581228	A genome-wide approach accounting for body mass index identifies genetic variants influencing fasting glycemic traits and insulin resistance.	Fasting glucose-related traits (interaction with BMI)	Up to 58,074 European ancestry individuals	Up tp 38,422 European ancestry individuals	2p23.3	2	27518370	GCKR	GCKR			2646			rs780094-?	rs780094	0	780094	intron_variant	0	NR	4E-24	23.397940008672037				Affymetrix, Illumina [~ 2400000] (imputed)	N
2012-08-15	22581228	Manning AK	2012-05-13	Nat Genet	www.ncbi.nlm.nih.gov/pubmed/22581228	A genome-wide approach accounting for body mass index identifies genetic variants influencing fasting glycemic traits and insulin resistance.	Fasting glucose-related traits (interaction with BMI)	Up to 58,074 European ancestry individuals	Up tp 38,422 European ancestry individuals	2q31.1	2	168906638	G6PC2	G6PC2			57818			rs560887-?	rs560887	0	560887	intron_variant	0	NR	2E-113	112.69897000433602				Affymetrix, Illumina [~ 2400000] (imputed)	N
2012-08-15	22581228	Manning AK	2012-05-13	Nat Genet	www.ncbi.nlm.nih.gov/pubmed/22581228	A genome-wide approach accounting for body mass index identifies genetic variants influencing fasting glycemic traits and insulin resistance.	Fasting glucose-related traits (interaction with BMI)	Up to 58,074 European ancestry individuals	Up tp 38,422 European ancestry individuals	3q21.1	3	123346931	ADCY5	ADCY5			111			rs11708067-?	rs11708067	0	11708067	intron_variant	0	NR	3E-10	9.522878745280337				Affymetrix, Illumina [~ 2400000] (imputed)	N
2012-08-15	22581228	Manning AK	2012-05-13	Nat Genet	www.ncbi.nlm.nih.gov/pubmed/22581228	A genome-wide approach accounting for body mass index identifies genetic variants influencing fasting glycemic traits and insulin resistance.	Fasting glucose-related traits (interaction with BMI)	Up to 58,074 European ancestry individuals	Up tp 38,422 European ancestry individuals	3q26.2	3	170999732	SLC2A2	SLC2A2			6514			rs11920090-?	rs11920090	0	11920090	intron_variant	0	NR	8E-11	10.096910013008056				Affymetrix, Illumina [~ 2400000] (imputed)	N
2012-08-15	22581228	Manning AK	2012-05-13	Nat Genet	www.ncbi.nlm.nih.gov/pubmed/22581228	A genome-wide approach accounting for body mass index identifies genetic variants influencing fasting glycemic traits and insulin resistance.	Fasting glucose-related traits (interaction with BMI)	Up to 58,074 European ancestry individuals	Up tp 38,422 European ancestry individuals	3q27.2	3	185811292	IGF2BP2	IGF2BP2			10644			rs1470579-?	rs1470579	0	1470579	intron_variant	0	NR	6E-7	6.221848749616356				Affymetrix, Illumina [~ 2400000] (imputed)	N
2012-08-15	22581228	Manning AK	2012-05-13	Nat Genet	www.ncbi.nlm.nih.gov/pubmed/22581228	A genome-wide approach accounting for body mass index identifies genetic variants influencing fasting glycemic traits and insulin resistance.	Fasting glucose-related traits (interaction with BMI)	Up to 58,074 European ancestry individuals	Up tp 38,422 European ancestry individuals	7p21.2	7	15024684	DGKB	GTF3AP5 - AGMO	100128217	392636		38559	92539	rs2191349-?	rs2191349	0	2191349	intergenic_variant	1	NR	3E-21	20.522878745280337				Affymetrix, Illumina [~ 2400000] (imputed)	N
2012-08-15	22581228	Manning AK	2012-05-13	Nat Genet	www.ncbi.nlm.nih.gov/pubmed/22581228	A genome-wide approach accounting for body mass index identifies genetic variants influencing fasting glycemic traits and insulin resistance.	Fasting glucose-related traits (interaction with BMI)	Up to 58,074 European ancestry individuals	Up tp 38,422 European ancestry individuals	7p13	7	44196069	GCK	GCK - YKT6	2645	10652		6630	4899	rs4607517-?	rs4607517	0	4607517	intron_variant	1	NR	8E-56	55.096910013008056				Affymetrix, Illumina [~ 2400000] (imputed)	N
2012-08-15	22581228	Manning AK	2012-05-13	Nat Genet	www.ncbi.nlm.nih.gov/pubmed/22581228	A genome-wide approach accounting for body mass index identifies genetic variants influencing fasting glycemic traits and insulin resistance.	Fasting glucose-related traits (interaction with BMI)	Up to 58,074 European ancestry individuals	Up tp 38,422 European ancestry individuals	8q24.11	8	117173494	SLC30A8	LOC105375716, SLC30A8			105375716, 169026			rs11558471-?	rs11558471	0	11558471	3_prime_UTR_variant	0	NR	3E-20	19.522878745280337				Affymetrix, Illumina [~ 2400000] (imputed)	N
2012-08-15	22581228	Manning AK	2012-05-13	Nat Genet	www.ncbi.nlm.nih.gov/pubmed/22581228	A genome-wide approach accounting for body mass index identifies genetic variants influencing fasting glycemic traits and insulin resistance.	Fasting glucose-related traits (interaction with BMI)	Up to 58,074 European ancestry individuals	Up tp 38,422 European ancestry individuals	9p24.2	9	4289050	GLIS3	GLIS3			169792			rs7034200-?	rs7034200	0	7034200	intron_variant	0	NR	7E-7	6.154901959985743				Affymetrix, Illumina [~ 2400000] (imputed)	N
2012-08-15	22581228	Manning AK	2012-05-13	Nat Genet	www.ncbi.nlm.nih.gov/pubmed/22581228	A genome-wide approach accounting for body mass index identifies genetic variants influencing fasting glycemic traits and insulin resistance.	Fasting glucose-related traits (interaction with BMI)	Up to 58,074 European ancestry individuals	Up tp 38,422 European ancestry individuals	9p21.3	9	22134095	CDKN2B	CDKN2B-AS1 - DMRTA1	100048912	63951		12998	312746	rs10811661-?	rs10811661	0	10811661	intergenic_variant	1	NR	7E-6	5.154901959985743				Affymetrix, Illumina [~ 2400000] (imputed)	N
2012-08-15	22581228	Manning AK	2012-05-13	Nat Genet	www.ncbi.nlm.nih.gov/pubmed/22581228	A genome-wide approach accounting for body mass index identifies genetic variants influencing fasting glycemic traits and insulin resistance.	Fasting glucose-related traits (interaction with BMI)	Up to 58,074 European ancestry individuals	Up tp 38,422 European ancestry individuals	10q25.2	10	111282335	ADRA2A	LOC724065 - BTBD7P2	724065	100420392		176799	40443	rs10885122-?	rs10885122	0	10885122	intergenic_variant	1	NR	9E-8	7.045757490560675				Affymetrix, Illumina [~ 2400000] (imputed)	N
2012-08-15	22581228	Manning AK	2012-05-13	Nat Genet	www.ncbi.nlm.nih.gov/pubmed/22581228	A genome-wide approach accounting for body mass index identifies genetic variants influencing fasting glycemic traits and insulin resistance.	Fasting glucose-related traits (interaction with BMI)	Up to 58,074 European ancestry individuals	Up tp 38,422 European ancestry individuals	10q25.2	10	112998590	TCF7L2	TCF7L2			6934			rs7903146-?	rs7903146	0	7903146	intron_variant	0	NR	2E-14	13.698970004336019				Affymetrix, Illumina [~ 2400000] (imputed)	N
2012-08-15	22581228	Manning AK	2012-05-13	Nat Genet	www.ncbi.nlm.nih.gov/pubmed/22581228	A genome-wide approach accounting for body mass index identifies genetic variants influencing fasting glycemic traits and insulin resistance.	Fasting glucose-related traits (interaction with BMI)	Up to 58,074 European ancestry individuals	Up tp 38,422 European ancestry individuals	11p11.2	11	45851540	CRY2	CRY2			1408			rs11605924-?	rs11605924	0	11605924	intron_variant	0	NR	4E-15	14.397940008672037				Affymetrix, Illumina [~ 2400000] (imputed)	N
2012-08-15	22581228	Manning AK	2012-05-13	Nat Genet	www.ncbi.nlm.nih.gov/pubmed/22581228	A genome-wide approach accounting for body mass index identifies genetic variants influencing fasting glycemic traits and insulin resistance.	Fasting glucose-related traits (interaction with BMI)	Up to 58,074 European ancestry individuals	Up tp 38,422 European ancestry individuals	11p11.2	11	47314769	MADD	MADD			8567			rs7944584-?	rs7944584	0	7944584	intron_variant	0	NR	4E-12	11.397940008672037				Affymetrix, Illumina [~ 2400000] (imputed)	N
2012-08-15	22581228	Manning AK	2012-05-13	Nat Genet	www.ncbi.nlm.nih.gov/pubmed/22581228	A genome-wide approach accounting for body mass index identifies genetic variants influencing fasting glycemic traits and insulin resistance.	Fasting glucose-related traits (interaction with BMI)	Up to 58,074 European ancestry individuals	Up tp 38,422 European ancestry individuals	11q12.2	11	61804006	FADS1	FADS1			3992			rs174550-?	rs174550	0	174550	5_prime_UTR_variant	0	NR	2E-9	8.698970004336019				Affymetrix, Illumina [~ 2400000] (imputed)	N
2012-08-15	22581228	Manning AK	2012-05-13	Nat Genet	www.ncbi.nlm.nih.gov/pubmed/22581228	A genome-wide approach accounting for body mass index identifies genetic variants influencing fasting glycemic traits and insulin resistance.	Fasting glucose-related traits (interaction with BMI)	Up to 58,074 European ancestry individuals	Up tp 38,422 European ancestry individuals	11q14.3	11	92975544	MTNR1B	MTNR1B			4544			rs10830963-?	rs10830963	0	10830963	intron_variant	0	NR	4E-105	104.39794000867204				Affymetrix, Illumina [~ 2400000] (imputed)	N
2012-08-15	22581228	Manning AK	2012-05-13	Nat Genet	www.ncbi.nlm.nih.gov/pubmed/22581228	A genome-wide approach accounting for body mass index identifies genetic variants influencing fasting glycemic traits and insulin resistance.	Fasting glucose-related traits (interaction with BMI)	Up to 58,074 European ancestry individuals	Up tp 38,422 European ancestry individuals	15q22.2	15	62104743	VPS13C	NPM1P47 - C2CD4B	100129972	388125		21344	58792	rs7173964-?	rs7173964	0	7173964	intergenic_variant	1	NR	6E-12	11.221848749616356				Affymetrix, Illumina [~ 2400000] (imputed)	N
2013-08-23	23575436	Go MJ	2013-04-11	J Hum Genet	www.ncbi.nlm.nih.gov/pubmed/23575436	New susceptibility loci in MYL2, C12orf51 and OAS1 associated with 1-h plasma glucose as predisposing risk factors for type 2 diabetes in the Korean population.	Glycemic traits	7,696 Korean ancestry individuals	6,536 Korean ancestry individuals	7p13	7	44189469	GCK	GCK - YKT6	2645	10652		30	11499	rs1799884-A	rs1799884	0	1799884	intron_variant	1		5E-18	17.30102999566398	(FPG)	0.063	[0.049-0.077] mmol-1 increase	Affymetrix [357789]	N
2013-08-23	23575436	Go MJ	2013-04-11	J Hum Genet	www.ncbi.nlm.nih.gov/pubmed/23575436	New susceptibility loci in MYL2, C12orf51 and OAS1 associated with 1-h plasma glucose as predisposing risk factors for type 2 diabetes in the Korean population.	Glycemic traits	7,696 Korean ancestry individuals	6,536 Korean ancestry individuals	11q14.3	11	92965261	MTNR1B	SNRPGP16 - MTNR1B	106480270	4544		27595	4362	rs10830962-C	rs10830962	0	10830962	upstream_gene_variant	1		5E-13	12.301029995663981	(FPG)	0.041	[0.029-0.053] mmol-1 increase	Affymetrix [357789]	N
2013-08-23	23575436	Go MJ	2013-04-11	J Hum Genet	www.ncbi.nlm.nih.gov/pubmed/23575436	New susceptibility loci in MYL2, C12orf51 and OAS1 associated with 1-h plasma glucose as predisposing risk factors for type 2 diabetes in the Korean population.	Glycemic traits	7,696 Korean ancestry individuals	6,536 Korean ancestry individuals	12q24.13	12	112207597	C12orf51	HECTD4			283450			rs2074356-T	rs2074356	0	2074356	intron_variant	0		6E-14	13.221848749616356	(FPG)	0.061	[0.045-0.077] mmol-1 decrease	Affymetrix [357789]	N
2013-08-23	23575436	Go MJ	2013-04-11	J Hum Genet	www.ncbi.nlm.nih.gov/pubmed/23575436	New susceptibility loci in MYL2, C12orf51 and OAS1 associated with 1-h plasma glucose as predisposing risk factors for type 2 diabetes in the Korean population.	Glycemic traits	7,696 Korean ancestry individuals	6,536 Korean ancestry individuals	6p22.3	6	20641105	CDKAL1	CDKAL1			54901			rs9348440-A	rs9348440	0	9348440	intron_variant	0		3E-19	18.522878745280337	(1-hPG)	0.246	[0.19-0.30] mmol-1 increase	Affymetrix [357789]	N
2013-08-23	23575436	Go MJ	2013-04-11	J Hum Genet	www.ncbi.nlm.nih.gov/pubmed/23575436	New susceptibility loci in MYL2, C12orf51 and OAS1 associated with 1-h plasma glucose as predisposing risk factors for type 2 diabetes in the Korean population.	Glycemic traits	7,696 Korean ancestry individuals	6,536 Korean ancestry individuals	7p13	7	44189469	GCK	GCK - YKT6	2645	10652		30	11499	rs1799884-A	rs1799884	0	1799884	intron_variant	1		3E-9	8.522878745280337	(1-hPG)	0.208	[0.14-0.28] mmol-1 increase	Affymetrix [357789]	N
2013-08-23	23575436	Go MJ	2013-04-11	J Hum Genet	www.ncbi.nlm.nih.gov/pubmed/23575436	New susceptibility loci in MYL2, C12orf51 and OAS1 associated with 1-h plasma glucose as predisposing risk factors for type 2 diabetes in the Korean population.	Glycemic traits	7,696 Korean ancestry individuals	6,536 Korean ancestry individuals	11q14.3	11	92965261	MTNR1B	SNRPGP16 - MTNR1B	106480270	4544		27595	4362	rs10830962-C	rs10830962	0	10830962	upstream_gene_variant	1		3E-12	11.522878745280337	(1-hPG)	0.191	[0.14-0.24] mmol-1 increase	Affymetrix [357789]	N
2013-08-23	23575436	Go MJ	2013-04-11	J Hum Genet	www.ncbi.nlm.nih.gov/pubmed/23575436	New susceptibility loci in MYL2, C12orf51 and OAS1 associated with 1-h plasma glucose as predisposing risk factors for type 2 diabetes in the Korean population.	Glycemic traits	7,696 Korean ancestry individuals	6,536 Korean ancestry individuals	12q24.11	12	110976657	MYL2	LOC105369980 - LOC105369981	105369980	105369981		18839	35737	rs12229654-G	rs12229654	0	12229654	intergenic_variant	1		9E-13	12.045757490560675	(1-hPG)	0.277	[0.20-0.35] mmol-1 decrease	Affymetrix [357789]	N
2013-08-23	23575436	Go MJ	2013-04-11	J Hum Genet	www.ncbi.nlm.nih.gov/pubmed/23575436	New susceptibility loci in MYL2, C12orf51 and OAS1 associated with 1-h plasma glucose as predisposing risk factors for type 2 diabetes in the Korean population.	Glycemic traits	7,696 Korean ancestry individuals	6,536 Korean ancestry individuals	12q24.13	12	112207597	C12orf51	HECTD4			283450			rs2074356-T	rs2074356	0	2074356	intron_variant	0		1E-16	16.0	(1-hPG)	0.321	[0.24-0.40] mmol-1 decrease	Affymetrix [357789]	N
2013-08-23	23575436	Go MJ	2013-04-11	J Hum Genet	www.ncbi.nlm.nih.gov/pubmed/23575436	New susceptibility loci in MYL2, C12orf51 and OAS1 associated with 1-h plasma glucose as predisposing risk factors for type 2 diabetes in the Korean population.	Glycemic traits	7,696 Korean ancestry individuals	6,536 Korean ancestry individuals	12q24.13	12	112927816	OAS1	OAS1			4938			rs11066453-G	rs11066453	0	11066453	intron_variant	0		5E-9	8.301029995663981	(1-hPG)	0.242	[0.16-0.32] mmol-1 decrease	Affymetrix [357789]	N
2013-08-23	23575436	Go MJ	2013-04-11	J Hum Genet	www.ncbi.nlm.nih.gov/pubmed/23575436	New susceptibility loci in MYL2, C12orf51 and OAS1 associated with 1-h plasma glucose as predisposing risk factors for type 2 diabetes in the Korean population.	Glycemic traits	7,696 Korean ancestry individuals	6,536 Korean ancestry individuals	7p13	7	44189469	GCK	GCK - YKT6	2645	10652		30	11499	rs1799884-A	rs1799884	0	1799884	intron_variant	1		3E-10	9.522878745280337	(2-hPG)	0.162	[0.11-0.21] mmol-1 increase	Affymetrix [357789]	N
2013-08-23	23575436	Go MJ	2013-04-11	J Hum Genet	www.ncbi.nlm.nih.gov/pubmed/23575436	New susceptibility loci in MYL2, C12orf51 and OAS1 associated with 1-h plasma glucose as predisposing risk factors for type 2 diabetes in the Korean population.	Glycemic traits	7,696 Korean ancestry individuals	6,536 Korean ancestry individuals	12q24.13	12	112207597	C12orf51	HECTD4			283450			rs2074356-T	rs2074356	0	2074356	intron_variant	0		6E-9	8.221848749616356	(2-hPG)	0.165	[0.11-0.22] mmol-1 decrease	Affymetrix [357789]	N
